card_name,route_id,on_area_name,on_lon,on_lat,on_dong,on_hour,on_minute,on_second,off_area_name,off_lon,off_lat,off_dong,off_hour,off_minute,off_second,no_transfer,total_distance,total_duration,카드번호,노선ID,승차일시
+++0VxU0B9DrLE4nxWaOzEArKFNI3ep9kMPVTZVHGNM=,지하철,영등포시장역,126.90511799999999,37.522694,1119074,12,42,8,충무로역,126.993624,37.561135,1102060,13,16,20,0,11000,2052,+++0VxU0B9DrLE4nxWaOzEArKFNI3ep9kMPVTZVHGNM=,,20171019124208.0
+++0VxU0B9DrLE4nxWaOzEArKFNI3ep9kMPVTZVHGNM=,지하철,충무로역,126.993624,37.561135,1102060,16,2,9,중곡역,127.08428300000001,37.565891,1105057,16,36,50,0,9400,2081,+++0VxU0B9DrLE4nxWaOzEArKFNI3ep9kMPVTZVHGNM=,,20171019160209.0
+++0VxU0B9DrLE4nxWaOzEArKFNI3ep9kMPVTZVHGNM=,지하철,중곡역,127.08428300000001,37.565891,1105057,18,22,39,선유도역,126.893294,37.538159,1119062,19,19,46,0,20100,3427,+++0VxU0B9DrLE4nxWaOzEArKFNI3ep9kMPVTZVHGNM=,,20171019182239.0
+++19/4InCnN/eZXlK0pT7oFlp3qEbVXHX4NFSiyAN8=,버스,LG전자.문래중,126.885883,37.52039,1119076,16,11,56,문래역,126.89441200000002,37.519063,1119076,16,15,3,0,768,187,+++19/4InCnN/eZXlK0pT7oFlp3qEbVXHX4NFSiyAN8=,11110803.0,20171019161156.0
+++3lFnkOIxAPXhin+oeJBZJeI8l5KOhgxcjhFqGTlc=,버스,강남구청.강남세무서,127.047293,37.518428,1123078,18,4,57,청담동래미안아파트,127.04291200000002,37.517653,1123078,18,6,30,0,397,93,+++3lFnkOIxAPXhin+oeJBZJeI8l5KOhgxcjhFqGTlc=,11110214.0,20171019180457.0
+++F6kFULTd2oQ7KiAe3olIQ0mzelgLbSx+q6rqtJqA=,버스,중동초등학교,126.91031699999999,37.566666999999995,1114073,9,12,48,연희104고지앞.구성산회관,126.925082,37.566285,1113076,9,16,56,0,1457,248,+++F6kFULTd2oQ7KiAe3olIQ0mzelgLbSx+q6rqtJqA=,11110027.0,20171019091248.0
+++F6kFULTd2oQ7KiAe3olIQ0mzelgLbSx+q6rqtJqA=,버스,홍대입구역,126.92335200000001,37.55679,1114066,13,51,2,성산2교,126.91321299999998,37.563907,1114072,13,55,24,0,1432,262,+++F6kFULTd2oQ7KiAe3olIQ0mzelgLbSx+q6rqtJqA=,41110070.0,20171019135102.0
+++Mu6n16tNt3pAX8k72E1UlIZXRqojexmEcPIaArto=,지하철,압구정역,127.028481,37.526492,1123077,14,57,34,회현역,126.97843400000001,37.558734,1102052,15,19,1,0,6700,1287,+++Mu6n16tNt3pAX8k72E1UlIZXRqojexmEcPIaArto=,,20171019145734.0
+++Mu6n16tNt3pAX8k72E1UlIZXRqojexmEcPIaArto=,지하철,을지로3가역,126.992593,37.566424,1101061,18,1,40,압구정역,127.028481,37.526492,1123077,18,16,6,0,6000,866,+++Mu6n16tNt3pAX8k72E1UlIZXRqojexmEcPIaArto=,,20171019180140.0
+++PAYzWTdRTGJKcBiZ1g/w9Ik/WgyDTTve7H410Tbo=,지하철,창동역,127.04767199999999,37.653205,1110063,9,51,57,미아사거리역,127.030084,37.613251,1109072,10,8,24,0,5700,987,+++PAYzWTdRTGJKcBiZ1g/w9Ik/WgyDTTve7H410Tbo=,,20171019095157.0
+++PAYzWTdRTGJKcBiZ1g/w9Ik/WgyDTTve7H410Tbo=,지하철,미아사거리역,127.030084,37.613251,1109072,10,15,38,창동역,127.04767199999999,37.653205,1110063,10,27,22,0,5700,704,+++PAYzWTdRTGJKcBiZ1g/w9Ik/WgyDTTve7H410Tbo=,,20171019101538.0
+++PAYzWTdRTGJKcBiZ1g/w9Ik/WgyDTTve7H410Tbo=,버스,창동동아청솔아파트,127.049803,37.65668,1110062,16,42,55,신한은행방학동지점,127.03680700000001,37.662933,1110055,16,52,48,0,1686,593,+++PAYzWTdRTGJKcBiZ1g/w9Ik/WgyDTTve7H410Tbo=,11110125.0,20171019164255.0
+++PAYzWTdRTGJKcBiZ1g/w9Ik/WgyDTTve7H410Tbo=,버스,국민은행방학지점,127.03424199999999,37.662362,1110057,17,0,46,서울북부지방법원.검찰청.도봉역성황당,127.045102,37.677257,1110065,17,14,21,1,2638,815,+++PAYzWTdRTGJKcBiZ1g/w9Ik/WgyDTTve7H410Tbo=,11110135.0,20171019170046.0
+++RMwmDvlX7/Bu2YH4Fig119rLahZxZBYhIF0EfftA=,지하철,구산역,126.91723600000002,37.611235,1112056,10,49,14,신설동역,127.02450900000001,37.576044,1101071,11,39,56,0,13600,3042,+++RMwmDvlX7/Bu2YH4Fig119rLahZxZBYhIF0EfftA=,,20171019104914.0
+++RMwmDvlX7/Bu2YH4Fig119rLahZxZBYhIF0EfftA=,지하철,신설동역,127.02450900000001,37.576044,1101071,15,31,5,역촌역,126.92282800000001,37.606211,1112058,16,28,30,0,12200,3445,+++RMwmDvlX7/Bu2YH4Fig119rLahZxZBYhIF0EfftA=,,20171019153105.0
+++SiEJEQjWAlmKA3tCMRO9LFMANuD027C2YFMXFgPA=,지하철,가락시장역,127.11833100000001,37.492969,1124066,18,3,24,천호역,127.123178,37.537911,1125073,18,19,59,0,6200,995,+++SiEJEQjWAlmKA3tCMRO9LFMANuD027C2YFMXFgPA=,,20171019180324.0
+++hwe6sDUIfU418K96nXu2/+QWJM9ZzzBZtxvK3rAM=,지하철,중계역,127.06408400000001,37.645064,1111077,21,31,2,태릉입구역,127.075364,37.618432,1111079,21,39,54,0,3100,532,+++hwe6sDUIfU418K96nXu2/+QWJM9ZzzBZtxvK3rAM=,,20171019213102.0
+++ogj6NDcqECtZxleEzk4vnNYM4RJ4s6tgOqiKH+fI=,지하철,우장산역,126.83630900000001,37.548738,1116067,7,50,8,우장산역,126.83630900000001,37.548738,1116067,7,50,11,0,0,3,+++ogj6NDcqECtZxleEzk4vnNYM4RJ4s6tgOqiKH+fI=,,20171019075008.0
+++ogj6NDcqECtZxleEzk4vnNYM4RJ4s6tgOqiKH+fI=,지하철,수유역,127.02550500000001,37.637873,1109065,9,31,4,수유역,127.02550500000001,37.637873,1109065,9,31,15,0,0,11,+++ogj6NDcqECtZxleEzk4vnNYM4RJ4s6tgOqiKH+fI=,,20171019093104.0
+++ogj6NDcqECtZxleEzk4vnNYM4RJ4s6tgOqiKH+fI=,버스,수유역,127.02502,37.637598,1109065,9,40,58,덕성여대후문.효문중고교앞,127.017223,37.652775,1110051,9,50,17,1,2541,559,+++ogj6NDcqECtZxleEzk4vnNYM4RJ4s6tgOqiKH+fI=,11110582.0,20171019094058.0
+++ogj6NDcqECtZxleEzk4vnNYM4RJ4s6tgOqiKH+fI=,버스,등촌3동그랜드백화점,126.838558,37.56009,1116064,19,52,58,명덕고등학교.웰튼병원,126.836345,37.553203,1116067,19,57,38,0,788,280,+++ogj6NDcqECtZxleEzk4vnNYM4RJ4s6tgOqiKH+fI=,11110856.0,20171019195258.0
+++r3+FgI85iGPhRcgtiKwftkrmYubIR5ElVCUr2gdw=,버스,농협답십리역지점,127.050678,37.568490000000004,1104070,6,54,54,떡전교앞,127.05268000000001,37.584938,1106083,7,6,33,0,2604,699,+++r3+FgI85iGPhRcgtiKwftkrmYubIR5ElVCUr2gdw=,11110097.0,20171019065454.0
+++r3+FgI85iGPhRcgtiKwftkrmYubIR5ElVCUr2gdw=,버스,서울성심병원,127.050898,37.584655,1106083,7,10,55,회기시장,127.05658799999999,37.590807,1106072,7,16,2,1,852,307,+++r3+FgI85iGPhRcgtiKwftkrmYubIR5ElVCUr2gdw=,11110167.0,20171019071055.0
+++r3+FgI85iGPhRcgtiKwftkrmYubIR5ElVCUr2gdw=,버스,경희중고,127.05774699999999,37.592923,1106089,15,58,9,떡전교사거리.동대문노인복지관,127.051948,37.586473,1106080,16,1,38,0,889,209,+++r3+FgI85iGPhRcgtiKwftkrmYubIR5ElVCUr2gdw=,11110970.0,20171019155809.0
+++r3+FgI85iGPhRcgtiKwftkrmYubIR5ElVCUr2gdw=,버스,떡전교앞,127.05264299999999,37.584708,1106083,16,7,44,답십리2동두산아파트,127.05851200000001,37.572755,1106086,16,14,59,1,1527,435,+++r3+FgI85iGPhRcgtiKwftkrmYubIR5ElVCUr2gdw=,11110959.0,20171019160744.0
+++vDzCHwn+LQGQy0eij9gjfqoSwUEiZwxldzKO+2/k=,버스,마천2동윤진빌딩.신동아아파트,127.144172,37.499758,1124056,14,50,33,보인고교.오금동삼성아파트,127.138228,37.496446999999996,1124060,14,54,16,0,996,223,+++vDzCHwn+LQGQy0eij9gjfqoSwUEiZwxldzKO+2/k=,11110209.0,20171019145033.0
+++vDzCHwn+LQGQy0eij9gjfqoSwUEiZwxldzKO+2/k=,버스,삼환아파트,127.13746499999999,37.496575,1124067,15,3,14,장지역.가든파이브,127.125472,37.479907,1124069,15,18,2,1,2866,888,+++vDzCHwn+LQGQy0eij9gjfqoSwUEiZwxldzKO+2/k=,11110419.0,20171019150314.0
+++z2QZbaM3N3dPvf59qc6qlvCYjeXlzMcMUd2v04n0=,버스,길음동동부아파트,127.02334499999999,37.607743,1108066,7,54,39,종로1가,126.98018700000002,37.5704,1101061,8,31,30,0,7305,2211,+++z2QZbaM3N3dPvf59qc6qlvCYjeXlzMcMUd2v04n0=,11110073.0,20171019075439.0
+++z2QZbaM3N3dPvf59qc6qlvCYjeXlzMcMUd2v04n0=,버스,종로1가,126.98018700000002,37.5704,1101061,8,31,45,종로1가,126.98018700000002,37.5704,1101061,8,34,28,1,0,163,+++z2QZbaM3N3dPvf59qc6qlvCYjeXlzMcMUd2v04n0=,41110215.0,20171019083145.0
+++z2QZbaM3N3dPvf59qc6qlvCYjeXlzMcMUd2v04n0=,버스,경복궁,126.978748,37.575618,1101061,20,52,28,미아리고개.미아리예술극장,127.02181200000001,37.597945,1108058,21,11,59,0,5334,1171,+++z2QZbaM3N3dPvf59qc6qlvCYjeXlzMcMUd2v04n0=,11110027.0,20171019205228.0
+++z2QZbaM3N3dPvf59qc6qlvCYjeXlzMcMUd2v04n0=,버스,미아리고개.미아리예술극장,127.02181200000001,37.597945,1108058,23,33,41,돈암동삼성아파트입구,127.024597,37.601918,1108058,23,35,53,0,587,132,+++z2QZbaM3N3dPvf59qc6qlvCYjeXlzMcMUd2v04n0=,11110021.0,20171019233341.0
++/2SXEIGG51APpoYQhtiLMn2e1d5zZjYSZOpFgutbY=,지하철,우장산역,126.83630900000001,37.548738,1116067,7,24,43,여의도역,126.92475800000001,37.522027,1119054,7,47,44,0,10100,1381,++/2SXEIGG51APpoYQhtiLMn2e1d5zZjYSZOpFgutbY=,,20171019072443.0
++/2SXEIGG51APpoYQhtiLMn2e1d5zZjYSZOpFgutbY=,지하철,여의도역,126.92475800000001,37.522027,1119054,18,22,42,우장산역,126.83630900000001,37.548738,1116067,18,53,46,0,10100,1864,++/2SXEIGG51APpoYQhtiLMn2e1d5zZjYSZOpFgutbY=,,20171019182242.0
++/3NAGPAsraH3w4Jfr30hnwICmAk2F/bmY9wtVAwiA=,버스,석수역,126.902775,37.434857,3104161,8,41,58,안양대교,126.91114499999999,37.4109,3104161,8,48,25,0,2855,387,++/3NAGPAsraH3w4Jfr30hnwICmAk2F/bmY9wtVAwiA=,41110050.0,20171019084158.0
++/4APEd8MUfetx1mbN73D49GSPadi8mIuEkaRKusig=,버스,갈월동,126.97171200000001,37.549578000000004,1103053,13,6,15,용문시장,126.961327,37.536057,1103072,13,14,26,0,2173,491,++/4APEd8MUfetx1mbN73D49GSPadi8mIuEkaRKusig=,11110171.0,20171019130615.0
++/4APEd8MUfetx1mbN73D49GSPadi8mIuEkaRKusig=,버스,남정초등학교,126.96365800000001,37.536378000000006,1103072,14,49,17,KT광화문지사,126.977378,37.57241,1101061,15,12,48,0,4541,1411,++/4APEd8MUfetx1mbN73D49GSPadi8mIuEkaRKusig=,41110070.0,20171019144917.0
++/4APEd8MUfetx1mbN73D49GSPadi8mIuEkaRKusig=,버스,세종문화회관,126.97656299999998,37.572702,1101061,15,46,16,갈월동,126.97171200000001,37.549578000000004,1103053,16,0,24,0,2675,848,++/4APEd8MUfetx1mbN73D49GSPadi8mIuEkaRKusig=,11110171.0,20171019154616.0
++/4APEd8MUfetx1mbN73D49GSPadi8mIuEkaRKusig=,버스,갑을빌딩,126.972003,37.549125,1103053,16,2,36,후암시장,126.976808,37.550118,1103051,16,4,46,1,550,130,++/4APEd8MUfetx1mbN73D49GSPadi8mIuEkaRKusig=,11110710.0,20171019160236.0
++/BIGd0fW3QMGjWCZYVTJ0rlAuXkHyGqrMU9hMnjCI=,지하철,서울대입구역,126.952685,37.48125,1121061,12,48,28,청담역,127.053723,37.519447,1123078,13,31,57,0,11800,2609,++/BIGd0fW3QMGjWCZYVTJ0rlAuXkHyGqrMU9hMnjCI=,,20171019124828.0
++/BIGd0fW3QMGjWCZYVTJ0rlAuXkHyGqrMU9hMnjCI=,지하철,청담역,127.053723,37.519447,1123078,15,18,3,남부터미널역,127.01616000000001,37.485199,1122053,15,44,11,0,6600,1568,++/BIGd0fW3QMGjWCZYVTJ0rlAuXkHyGqrMU9hMnjCI=,,20171019151803.0
++/BKm2p3AwMlchsHfnQgFs6JRToIm5A9GDZYxtC6K4=,지하철,녹번역,126.935819,37.6008,1112051,8,28,25,수서역,127.10231399999999,37.487534000000004,1123075,9,26,0,0,25100,3455,++/BKm2p3AwMlchsHfnQgFs6JRToIm5A9GDZYxtC6K4=,,20171019082825.0
++/F6rCbeVMyNw4WXsTUYLqcoFpMNz5YCPS742g4Btk=,버스,철산교앞,126.85938999999999,37.4881,1117065,7,38,55,개봉역.림괄아파트,126.858727,37.493767999999996,1117064,7,42,4,0,765,189,++/F6rCbeVMyNw4WXsTUYLqcoFpMNz5YCPS742g4Btk=,11110556.0,20171019073855.0
++/KLwmqY8LPmWMnMDJbleYSEri8smHLYpsAlMWRNUg=,버스,경인교육대학교,126.915168,37.432333,3104160,7,57,10,삼성산주공아파트,126.925068,37.461090000000006,1121082,8,6,29,2,3707,559,++/KLwmqY8LPmWMnMDJbleYSEri8smHLYpsAlMWRNUg=,11410004.0,20171019075710.0
++/KLwmqY8LPmWMnMDJbleYSEri8smHLYpsAlMWRNUg=,버스,삼성산주공정문,126.92628799999999,37.46118,1121082,8,10,54,삼성산주공307동앞,126.927325,37.461788,1121082,8,11,56,3,116,62,++/KLwmqY8LPmWMnMDJbleYSEri8smHLYpsAlMWRNUg=,11110543.0,20171019081054.0
++/KLwmqY8LPmWMnMDJbleYSEri8smHLYpsAlMWRNUg=,버스,201동.동신교회,126.925877,37.464259999999996,1121082,16,47,3,삼성산주공307동앞,126.92731299999998,37.461877,1121082,16,49,23,0,406,140,++/KLwmqY8LPmWMnMDJbleYSEri8smHLYpsAlMWRNUg=,11110543.0,20171019164703.0
++/KLwmqY8LPmWMnMDJbleYSEri8smHLYpsAlMWRNUg=,버스,삼성산주공아파트,126.92536000000001,37.461213,1121082,16,52,35,벽산아파트1단지.호압사입구,126.920847,37.452785,1118058,16,55,10,1,1190,155,++/KLwmqY8LPmWMnMDJbleYSEri8smHLYpsAlMWRNUg=,11110242.0,20171019165235.0
++/Kc4NQeC63XX0iLdBm7/CkYfNnl+C3ejgk5SwhHdk=,지하철,보문역,127.01963300000001,37.585408,1108082,11,9,49,고속터미널역,127.004956,37.504872,1122059,11,46,22,0,11100,2193,++/Kc4NQeC63XX0iLdBm7/CkYfNnl+C3ejgk5SwhHdk=,,20171019110949.0
++/Kc4NQeC63XX0iLdBm7/CkYfNnl+C3ejgk5SwhHdk=,지하철,고속터미널역,127.004956,37.504872,1122059,15,1,20,신방화역,126.81722099999999,37.56752,1116070,15,36,57,0,19800,2137,++/Kc4NQeC63XX0iLdBm7/CkYfNnl+C3ejgk5SwhHdk=,,20171019150120.0
++/MI/QJHCugGrUS1Kj6KpxJ0L/e+mWZARzyKd2fG5c=,지하철,성신여대입구역,127.016623,37.592742,1108083,15,16,58,사당역,126.981664,37.477312,1120063,15,51,36,0,16300,2078,++/MI/QJHCugGrUS1Kj6KpxJ0L/e+mWZARzyKd2fG5c=,,20171019151658.0
++/MI/QJHCugGrUS1Kj6KpxJ0L/e+mWZARzyKd2fG5c=,지하철,사당역,126.981578,37.476556,1120063,16,20,20,낙성대역,126.963508,37.477071,1121057,16,26,47,0,1700,387,++/MI/QJHCugGrUS1Kj6KpxJ0L/e+mWZARzyKd2fG5c=,,20171019162020.0
++/MI/QJHCugGrUS1Kj6KpxJ0L/e+mWZARzyKd2fG5c=,지하철,사당역,126.981578,37.476556,1120063,22,9,19,성신여대입구역,127.016623,37.592742,1108083,22,45,30,0,16300,2171,++/MI/QJHCugGrUS1Kj6KpxJ0L/e+mWZARzyKd2fG5c=,,20171019220919.0
++/PBIVmj0LsrAbSwdwBklXluQzdEJLYzoKa8dol+l8=,버스,북부수도사업소,127.03613500000002,37.634258,1109061,10,15,49,번동주공1단지,127.04818700000001,37.62556,1109062,10,23,46,0,1475,477,++/PBIVmj0LsrAbSwdwBklXluQzdEJLYzoKa8dol+l8=,11110117.0,20171019101549.0
++/PBIVmj0LsrAbSwdwBklXluQzdEJLYzoKa8dol+l8=,버스,월계2교.참누리아파트,127.050322,37.623288,1108078,10,29,37,장곡초교,127.04858300000001,37.61615,1108076,10,35,5,1,1122,328,++/PBIVmj0LsrAbSwdwBklXluQzdEJLYzoKa8dol+l8=,11110968.0,20171019102937.0
++/PBIVmj0LsrAbSwdwBklXluQzdEJLYzoKa8dol+l8=,버스,장곡초교,127.04848999999999,37.61582,1108076,17,24,32,월계2교,127.050133,37.623825,1108078,17,28,21,0,1221,229,++/PBIVmj0LsrAbSwdwBklXluQzdEJLYzoKa8dol+l8=,11110968.0,20171019172432.0
++/PBIVmj0LsrAbSwdwBklXluQzdEJLYzoKa8dol+l8=,버스,월계2교,127.050133,37.623825,1108078,17,29,38,한성운수차고지,127.036702,37.634382,1109061,17,37,20,1,1698,462,++/PBIVmj0LsrAbSwdwBklXluQzdEJLYzoKa8dol+l8=,11110016.0,20171019172938.0
++/bKfhqyIvvR46PPneeMZ7X9h+wJ2UxSoO2Kl/hKNo=,지하철,마포구청역,126.90339399999999,37.56348,1114073,7,58,9,남부터미널역,127.01616000000001,37.485199,1122053,8,49,39,0,16800,3090,++/bKfhqyIvvR46PPneeMZ7X9h+wJ2UxSoO2Kl/hKNo=,,20171019075809.0
++/bKfhqyIvvR46PPneeMZ7X9h+wJ2UxSoO2Kl/hKNo=,버스,남부터미널,127.0156,37.484755,1122053,8,52,34,예술의전당,127.014055,37.48113,1122053,8,57,11,1,750,277,++/bKfhqyIvvR46PPneeMZ7X9h+wJ2UxSoO2Kl/hKNo=,11110746.0,20171019085234.0
++/bKfhqyIvvR46PPneeMZ7X9h+wJ2UxSoO2Kl/hKNo=,지하철,남부터미널역,127.01616000000001,37.485199,1122053,18,28,59,동대입구역,127.00530800000001,37.55907,1102058,18,52,53,0,10500,1434,++/bKfhqyIvvR46PPneeMZ7X9h+wJ2UxSoO2Kl/hKNo=,,20171019182859.0
++/bKfhqyIvvR46PPneeMZ7X9h+wJ2UxSoO2Kl/hKNo=,지하철,동대입구역,127.00530800000001,37.55907,1102058,21,9,34,마포구청역,126.90339399999999,37.56348,1114073,21,40,47,0,10900,1873,++/bKfhqyIvvR46PPneeMZ7X9h+wJ2UxSoO2Kl/hKNo=,,20171019210934.0
++/kL/lVeuVyeJcZnUoMZfiKi4gRlTG1PHzL7u3HRLU=,버스,강일중선사고.양지종합시장,127.13609299999999,37.554623,1125072,7,45,50,고덕역,127.154997,37.555040000000005,1125054,7,54,38,0,1673,528,++/kL/lVeuVyeJcZnUoMZfiKi4gRlTG1PHzL7u3HRLU=,11110038.0,20171019074550.0
++/kL/lVeuVyeJcZnUoMZfiKi4gRlTG1PHzL7u3HRLU=,지하철,고덕역,127.15416599999999,37.55502,1125055,7,55,51,숙대입구역,126.97211999999999,37.544576,1103071,8,42,54,1,20500,2823,++/kL/lVeuVyeJcZnUoMZfiKi4gRlTG1PHzL7u3HRLU=,,20171019075551.0
++/kL/lVeuVyeJcZnUoMZfiKi4gRlTG1PHzL7u3HRLU=,버스,원효로우체국,126.966932,37.53866,1103072,9,12,46,원효로3가,126.95818500000001,37.534087,1103057,9,16,2,0,932,196,++/kL/lVeuVyeJcZnUoMZfiKi4gRlTG1PHzL7u3HRLU=,11110024.0,20171019091246.0
++/kL/lVeuVyeJcZnUoMZfiKi4gRlTG1PHzL7u3HRLU=,버스,원효로3가,126.95832800000001,37.533843,1103057,19,44,9,남영역,126.97091499999999,37.542265,1103071,19,49,58,0,1484,349,++/kL/lVeuVyeJcZnUoMZfiKi4gRlTG1PHzL7u3HRLU=,41110006.0,20171019194409.0
++/kL/lVeuVyeJcZnUoMZfiKi4gRlTG1PHzL7u3HRLU=,지하철,숙대입구역,126.97211999999999,37.544576,1103071,20,4,46,암사역,127.12753400000001,37.550146000000005,1125058,20,54,15,1,17400,2969,++/kL/lVeuVyeJcZnUoMZfiKi4gRlTG1PHzL7u3HRLU=,,20171019200446.0
++/lqOVVxqlTR9A/LcFakgmafY5nVIEALkU1Xk/CoeQ=,지하철,먹골역,127.07773600000002,37.610587,1107065,17,59,37,상봉역,127.085698,37.595728,1107059,18,5,48,0,1900,371,++/lqOVVxqlTR9A/LcFakgmafY5nVIEALkU1Xk/CoeQ=,,20171019175937.0
++/lqOVVxqlTR9A/LcFakgmafY5nVIEALkU1Xk/CoeQ=,지하철,상봉역,127.085698,37.595728,1107059,19,51,33,먹골역,127.07773600000002,37.610587,1107065,20,0,23,0,1900,530,++/lqOVVxqlTR9A/LcFakgmafY5nVIEALkU1Xk/CoeQ=,,20171019195133.0
++/pDf79IY70e2jSjwn0Imm7E1XEQoaEY+P8hdcgSAc=,지하철,남부터미널역,127.01616000000001,37.485199,1122053,16,10,13,장승배기역,126.93900900000001,37.504844,1120052,16,39,23,0,10500,1750,++/pDf79IY70e2jSjwn0Imm7E1XEQoaEY+P8hdcgSAc=,,20171019161013.0
++/wPrFybiQiZVjn0QEZpNxMQ5tJuhYl5EBoQIU+OuQ=,버스,미림여고.미림여자정보과학고,126.93163200000001,37.465070000000004,1121082,5,10,34,미림고개.고시촌입구,126.932,37.467636999999996,1121073,5,11,22,0,299,48,++/wPrFybiQiZVjn0QEZpNxMQ5tJuhYl5EBoQIU+OuQ=,11110242.0,20171019051034.0
++/wPrFybiQiZVjn0QEZpNxMQ5tJuhYl5EBoQIU+OuQ=,버스,서울메트로,126.98616799999999,37.476745,1122063,9,54,40,패션문화의거리입구,126.92963300000001,37.485847,1121069,10,14,16,0,5479,1176,++/wPrFybiQiZVjn0QEZpNxMQ5tJuhYl5EBoQIU+OuQ=,11110050.0,20171019095440.0
++/wPrFybiQiZVjn0QEZpNxMQ5tJuhYl5EBoQIU+OuQ=,버스,패션문화의거리입구,126.929057,37.486415,1121069,10,17,59,미림여고.미림여자정보과학고,126.93133300000001,37.465575,1121082,10,29,31,1,2923,692,++/wPrFybiQiZVjn0QEZpNxMQ5tJuhYl5EBoQIU+OuQ=,11110990.0,20171019101759.0
++/wPrFybiQiZVjn0QEZpNxMQ5tJuhYl5EBoQIU+OuQ=,버스,미림여고.미림여자정보과학고,126.93133300000001,37.465575,1121082,12,9,14,난곡우체국사거리,126.915602,37.477188,1121083,12,23,39,0,4061,865,++/wPrFybiQiZVjn0QEZpNxMQ5tJuhYl5EBoQIU+OuQ=,11110912.0,20171019120914.0
++/wPrFybiQiZVjn0QEZpNxMQ5tJuhYl5EBoQIU+OuQ=,버스,난곡우체국사거리,126.915458,37.476943,1121083,12,33,16,세이브마트앞,126.917433,37.473958,1121083,12,34,40,1,379,84,++/wPrFybiQiZVjn0QEZpNxMQ5tJuhYl5EBoQIU+OuQ=,11110997.0,20171019123316.0
++/wPrFybiQiZVjn0QEZpNxMQ5tJuhYl5EBoQIU+OuQ=,버스,세이브마트앞,126.917433,37.473958,1121083,12,40,33,신우초등학교,126.93198000000001,37.462322,1121082,12,56,12,2,3318,939,++/wPrFybiQiZVjn0QEZpNxMQ5tJuhYl5EBoQIU+OuQ=,11110991.0,20171019124033.0
++/wY0MdeVvszEyupltegigWMNcK1hMH9SjeIarOVE0=,버스,원효2동주민센터,126.95139499999999,37.534493,1103057,16,42,8,우성아파트입구,126.94746299999998,37.537958,1114075,16,52,52,0,643,644,++/wY0MdeVvszEyupltegigWMNcK1hMH9SjeIarOVE0=,11110621.0,20171019164208.0
++0+AF5DrAwDAhs4dtxwmXZne521sC9v6QHhgi8B3kc=,지하철,마포구청역,126.90339399999999,37.56348,1114073,7,2,34,동대문역사문화공원역,127.008977,37.565669,1102059,7,35,51,0,10800,1997,++0+AF5DrAwDAhs4dtxwmXZne521sC9v6QHhgi8B3kc=,,20171019070234.0
++0+IcJlX3sp/z7x/fYmUurOeF1AG4Obm3Uer5fW9Ek=,버스,중앙대중문,126.95727,37.506627,1120071,21,44,40,정동병원,126.949657,37.504532,1120053,21,48,47,0,1128,247,++0+IcJlX3sp/z7x/fYmUurOeF1AG4Obm3Uer5fW9Ek=,11110602.0,20171019214440.0
++0+IcJlX3sp/z7x/fYmUurOeF1AG4Obm3Uer5fW9Ek=,버스,상도터널상도동,126.949525,37.503908,1120053,21,52,21,삼각지역,126.974015,37.535317,1103073,22,1,40,1,4141,559,++0+IcJlX3sp/z7x/fYmUurOeF1AG4Obm3Uer5fW9Ek=,11110053.0,20171019215221.0
++0+t97aIoVEbGuVhHneGnNNNTg4IZBDYNN6I4Jg9Uk=,지하철,길동역,127.14000300000001,37.537833,1125074,13,0,38,광화문역,126.976482,37.571631,1101053,13,38,26,0,16300,2268,++0+t97aIoVEbGuVhHneGnNNNTg4IZBDYNN6I4Jg9Uk=,,20171019130038.0
++0+t97aIoVEbGuVhHneGnNNNTg4IZBDYNN6I4Jg9Uk=,지하철,종각역,126.983102,37.570164,1101061,15,19,9,가락시장역,127.117621,37.492224,1124066,16,16,24,0,17600,3435,++0+t97aIoVEbGuVhHneGnNNNTg4IZBDYNN6I4Jg9Uk=,,20171019151909.0
++0+t97aIoVEbGuVhHneGnNNNTg4IZBDYNN6I4Jg9Uk=,버스,길동역1번출구,127.139885,37.538022,1125074,18,46,13,신천동진주아파트,127.109278,37.516633,1124075,19,11,9,0,4915,1496,++0+t97aIoVEbGuVhHneGnNNNTg4IZBDYNN6I4Jg9Uk=,11110213.0,20171019184613.0
++0+t97aIoVEbGuVhHneGnNNNTg4IZBDYNN6I4Jg9Uk=,버스,잠실진주아파트,127.10960700000001,37.516225,1124058,19,53,57,길동역3번출구,127.14,37.537232,1125074,20,16,42,0,4833,1365,++0+t97aIoVEbGuVhHneGnNNNTg4IZBDYNN6I4Jg9Uk=,11110213.0,20171019195357.0
++0/+AYaGgvchnjnnHDgDz2dGVixYyqVH1zV+35s1R0=,버스,상도역.하나은행,126.94729,37.50391,1120054,10,13,53,노량진역,126.94147,37.513753,1120072,10,20,27,0,1544,394,++0/+AYaGgvchnjnnHDgDz2dGVixYyqVH1zV+35s1R0=,11110602.0,20171019101353.0
++03S67AwX8pFJP1p6UUqwMjXR+cIBY9s7lL424Gmx4=,버스,삼선교.한성대학교,127.00936000000002,37.58992,1108082,8,26,39,롯데백화점,126.98220500000001,37.56451,1102055,8,47,44,0,4596,1265,++03S67AwX8pFJP1p6UUqwMjXR+cIBY9s7lL424Gmx4=,11110014.0,20171019082639.0
++03S67AwX8pFJP1p6UUqwMjXR+cIBY9s7lL424Gmx4=,지하철,을지로입구역,126.982161,37.565996000000005,1102055,17,8,58,한양대역,127.043672,37.555735,1104055,17,25,48,0,5900,1010,++03S67AwX8pFJP1p6UUqwMjXR+cIBY9s7lL424Gmx4=,,20171019170858.0
++03S67AwX8pFJP1p6UUqwMjXR+cIBY9s7lL424Gmx4=,지하철,한양대역,127.043672,37.555735,1104055,21,56,41,한성대입구역,127.00599199999999,37.588396,1108081,22,16,14,0,6300,1173,++03S67AwX8pFJP1p6UUqwMjXR+cIBY9s7lL424Gmx4=,,20171019215641.0
++03S67AwX8pFJP1p6UUqwMjXR+cIBY9s7lL424Gmx4=,버스,삼선교.성북문화원,127.00560700000001,37.589096999999995,1108081,22,26,46,한신103동앞,127.00821299999998,37.592062,1108082,22,28,58,1,444,132,++03S67AwX8pFJP1p6UUqwMjXR+cIBY9s7lL424Gmx4=,11110679.0,20171019222646.0
++04hXRAJIG5c+BvWw9LcpxHW5AN6upYU6mehZG1VEE=,버스,푸른마을,127.122975,37.369815,3102352,6,29,53,조계사,126.98316299999999,37.572843,1101061,7,20,31,0,28543,3038,++04hXRAJIG5c+BvWw9LcpxHW5AN6upYU6mehZG1VEE=,41110130.0,20171019062953.0
++04hXRAJIG5c+BvWw9LcpxHW5AN6upYU6mehZG1VEE=,버스,서울역버스환승센터,126.972753,37.555437,1102054,22,5,1,중앙공원.샛별마을우방아파트,127.12629799999999,37.372627,3102354,23,5,4,0,29263,3603,++04hXRAJIG5c+BvWw9LcpxHW5AN6upYU6mehZG1VEE=,41110130.0,20171019220501.0
++04wpmAaLpwQ7faUc+bL+uj/7gdv5a8KSI1TQJPVFk=,지하철,을지로3가역,126.990967,37.566277,1101061,9,53,41,왕십리역,127.03708799999998,37.561248,1104056,10,5,5,0,4100,684,++04wpmAaLpwQ7faUc+bL+uj/7gdv5a8KSI1TQJPVFk=,,20171019095341.0
++06Ld2wcero/8B1bN1YxNhybi9R4z/mMRjIkae3yog=,버스,한남동새마을금고,127.000468,37.537046999999994,1103074,16,21,13,전쟁기념관,126.97689,37.5347,1103073,16,30,56,0,2220,583,++06Ld2wcero/8B1bN1YxNhybi9R4z/mMRjIkae3yog=,11110009.0,20171019162113.0
++06Ld2wcero/8B1bN1YxNhybi9R4z/mMRjIkae3yog=,버스,삼각지역,126.97416299999999,37.536032,1103073,16,37,36,KT&G관악지점,126.9374,37.484495,1121078,17,8,36,1,8652,1860,++06Ld2wcero/8B1bN1YxNhybi9R4z/mMRjIkae3yog=,11110912.0,20171019163736.0
++0D+X7PnNk8vgdwFjG+bAFwXEYKPCAXqbZip0Ts5tE=,버스,청량리역환승센타,127.045497,37.580402,1106083,7,47,59,서대문역사거리.적십자병원,126.967653,37.567107,1101058,8,22,22,0,7205,2063,++0D+X7PnNk8vgdwFjG+bAFwXEYKPCAXqbZip0Ts5tE=,11110068.0,20171019074759.0
++0D+X7PnNk8vgdwFjG+bAFwXEYKPCAXqbZip0Ts5tE=,버스,영천시장,126.963127,37.569522,1113052,8,25,24,응암역신사오거리,126.91511499999999,37.599082,1112074,8,45,17,1,6195,1193,++0D+X7PnNk8vgdwFjG+bAFwXEYKPCAXqbZip0Ts5tE=,41110011.0,20171019082524.0
++0D+X7PnNk8vgdwFjG+bAFwXEYKPCAXqbZip0Ts5tE=,버스,서부병원,126.92357700000001,37.600612,1112059,20,18,44,은평구청,126.930393,37.601197,1112059,20,21,43,0,616,179,++0D+X7PnNk8vgdwFjG+bAFwXEYKPCAXqbZip0Ts5tE=,41110011.0,20171019201844.0
++0DlweEEPanRsBKyGLJgXvq31laenaCoNUnwYI/CfM=,버스,우리현대마트,126.96751299999998,37.471145,1121062,8,55,26,오리사랑,126.966835,37.473797,1121062,8,56,56,0,315,90,++0DlweEEPanRsBKyGLJgXvq31laenaCoNUnwYI/CfM=,11110539.0,20171019085526.0
++0DlweEEPanRsBKyGLJgXvq31laenaCoNUnwYI/CfM=,버스,인헌중고.서울미술고,126.966623,37.475654999999996,1121062,9,6,44,서초동예술의전당,127.01286200000001,37.481737,1122053,9,23,52,1,4527,1028,++0DlweEEPanRsBKyGLJgXvq31laenaCoNUnwYI/CfM=,41110040.0,20171019090644.0
++0DlweEEPanRsBKyGLJgXvq31laenaCoNUnwYI/CfM=,버스,서초3동주민센터,127.011592,37.483207,1122053,18,35,26,예술인마을,126.97287800000001,37.476116999999995,1120063,18,52,31,0,4124,1025,++0DlweEEPanRsBKyGLJgXvq31laenaCoNUnwYI/CfM=,41110040.0,20171019183526.0
++0DlweEEPanRsBKyGLJgXvq31laenaCoNUnwYI/CfM=,버스,낙성대역,126.96488000000001,37.476427,1121062,19,0,3,낙성대역,126.96488000000001,37.476427,1121062,19,0,11,1,0,8,++0DlweEEPanRsBKyGLJgXvq31laenaCoNUnwYI/CfM=,11110539.0,20171019190003.0
++0JL44UeBxvkiaFrCnmADu3zr62G6eVmh5MFaXbxvY=,버스,염창동관음삼성아파트,126.869372,37.552973,1116051,14,23,55,월촌중학교,126.881672,37.537913,1115071,14,33,5,0,2599,550,++0JL44UeBxvkiaFrCnmADu3zr62G6eVmh5MFaXbxvY=,11110285.0,20171019142355.0
++0JL44UeBxvkiaFrCnmADu3zr62G6eVmh5MFaXbxvY=,버스,목동4단지.목동종합운동장,126.875073,37.532255,1115071,14,36,12,목운초등학교.목운중학교,126.873777,37.526443,1115051,14,38,20,1,655,128,++0JL44UeBxvkiaFrCnmADu3zr62G6eVmh5MFaXbxvY=,11110905.0,20171019143612.0
